Observation ID,Common Name,Scientific Name
1,Morelet's Crocodile,Crocodylus moreletii
2,American Crocodile,Crocodylus acutus
3,Orinoco Crocodile,Crocodylus intermedius
4,Morelet's Crocodile,Crocodylus moreletii
5,Mugger Crocodile (Marsh Crocodile),Crocodylus palustris
6,Mugger Crocodile (Marsh Crocodile),Crocodylus palustris
7,Siamese Crocodile,Crocodylus siamensis
8,Congo Dwarf Crocodile,Osteolaemus osborni
9,West African Crocodile,Crocodylus suchus
10,Morelet's Crocodile,Crocodylus moreletii
11,West African Dwarf Crocodile,Osteolaemus tetraspis
12,Morelet's Crocodile,Crocodylus moreletii
13,Siamese Crocodile,Crocodylus siamensis
14,American Crocodile,Crocodylus acutus
15,West African Dwarf Crocodile,Osteolaemus tetraspis
16,Morelet's Crocodile,Crocodylus moreletii
17,Morelet's Crocodile,Crocodylus moreletii
18,Nile Crocodile,Crocodylus niloticus
19,Borneo Crocodile (disputed),Crocodylus raninus
20,Saltwater Crocodile,Crocodylus porosus
21,Borneo Crocodile (disputed),Crocodylus raninus
22,Nile Crocodile,Crocodylus niloticus
23,Congo Dwarf Crocodile,Osteolaemus osborni
24,Cuban Crocodile,Crocodylus rhombifer
25,Nile Crocodile,Crocodylus niloticus
26,Cuban Crocodile,Crocodylus rhombifer
27,Mugger Crocodile (Marsh Crocodile),Crocodylus palustris
28,Orinoco Crocodile,Crocodylus intermedius
29,Siamese Crocodile,Crocodylus siamensis
30,Orinoco Crocodile,Crocodylus intermedius
31,Siamese Crocodile,Crocodylus siamensis
32,American Crocodile,Crocodylus acutus
33,Cuban Crocodile,Crocodylus rhombifer
34,Philippine Crocodile,Crocodylus mindorensis
35,New Guinea Crocodile,Crocodylus novaeguineae
36,Philippine Crocodile,Crocodylus mindorensis
37,West African Dwarf Crocodile,Osteolaemus tetraspis
38,West African Slender-snouted Crocodile,Mecistops cataphractus
39,Freshwater Crocodile (Johnstone's),Crocodylus johnstoni
40,West African Crocodile,Crocodylus suchus
41,Mugger Crocodile (Marsh Crocodile),Crocodylus palustris
42,Nile Crocodile,Crocodylus niloticus
43,Siamese Crocodile,Crocodylus siamensis
44,Morelet's Crocodile,Crocodylus moreletii
45,Morelet's Crocodile,Crocodylus moreletii
46,Morelet's Crocodile,Crocodylus moreletii
47,American Crocodile,Crocodylus acutus
48,Orinoco Crocodile,Crocodylus intermedius
49,West African Slender-snouted Crocodile,Mecistops cataphractus
50,New Guinea Crocodile,Crocodylus novaeguineae
51,American Crocodile,Crocodylus acutus
52,West African Slender-snouted Crocodile,Mecistops cataphractus
53,Siamese Crocodile,Crocodylus siamensis
54,Saltwater Crocodile,Crocodylus porosus
55,New Guinea Crocodile,Crocodylus novaeguineae
56,West African Slender-snouted Crocodile,Mecistops cataphractus
57,Orinoco Crocodile,Crocodylus intermedius
58,Borneo Crocodile (disputed),Crocodylus raninus
59,West African Slender-snouted Crocodile,Mecistops cataphractus
60,Saltwater Crocodile,Crocodylus porosus
61,New Guinea Crocodile,Crocodylus novaeguineae
62,Siamese Crocodile,Crocodylus siamensis
63,West African Dwarf Crocodile,Osteolaemus tetraspis
64,Nile Crocodile,Crocodylus niloticus
65,Freshwater Crocodile (Johnstone's),Crocodylus johnstoni
66,Borneo Crocodile (disputed),Crocodylus raninus
67,Congo Dwarf Crocodile,Osteolaemus osborni
68,Cuban Crocodile,Crocodylus rhombifer
69,American Crocodile,Crocodylus acutus
70,Central African Slender-snouted Crocodile,Mecistops leptorhynchus
71,Saltwater Crocodile,Crocodylus porosus
72,Central African Slender-snouted Crocodile,Mecistops leptorhynchus
73,West African Slender-snouted Crocodile,Mecistops cataphractus
74,Nile Crocodile,Crocodylus niloticus
75,Cuban Crocodile,Crocodylus rhombifer
76,Borneo Crocodile (disputed),Crocodylus raninus
77,Morelet's Crocodile,Crocodylus moreletii
78,West African Crocodile,Crocodylus suchus
79,Central African Slender-snouted Crocodile,Mecistops leptorhynchus
80,Saltwater Crocodile,Crocodylus porosus
81,Morelet's Crocodile,Crocodylus moreletii
82,West African Crocodile,Crocodylus suchus
83,Philippine Crocodile,Crocodylus mindorensis
84,Siamese Crocodile,Crocodylus siamensis
85,Morelet's Crocodile,Crocodylus moreletii
86,Central African Slender-snouted Crocodile,Mecistops leptorhynchus
87,West African Dwarf Crocodile,Osteolaemus tetraspis
88,Mugger Crocodile (Marsh Crocodile),Crocodylus palustris
89,American Crocodile,Crocodylus acutus
90,Hall's New Guinea Crocodile,Crocodylus halli
91,Morelet's Crocodile,Crocodylus moreletii
92,Nile Crocodile,Crocodylus niloticus
93,American Crocodile,Crocodylus acutus
94,Orinoco Crocodile,Crocodylus intermedius
95,Mugger Crocodile (Marsh Crocodile),Crocodylus palustris
96,West African Crocodile,Crocodylus suchus
97,West African Crocodile,Crocodylus suchus
98,Borneo Crocodile (disputed),Crocodylus raninus
99,Cuban Crocodile,Crocodylus rhombifer
100,New Guinea Crocodile,Crocodylus novaeguineae
101,Saltwater Crocodile,Crocodylus porosus
102,Philippine Crocodile,Crocodylus mindorensis
103,West African Slender-snouted Crocodile,Mecistops cataphractus
104,West African Crocodile,Crocodylus suchus
105,Cuban Crocodile,Crocodylus rhombifer
106,Hall's New Guinea Crocodile,Crocodylus halli
107,West African Crocodile,Crocodylus suchus
108,West African Slender-snouted Crocodile,Mecistops cataphractus
109,Freshwater Crocodile (Johnstone's),Crocodylus johnstoni
110,Morelet's Crocodile,Crocodylus moreletii
111,Nile Crocodile,Crocodylus niloticus
112,Saltwater Crocodile,Crocodylus porosus
113,Freshwater Crocodile (Johnstone's),Crocodylus johnstoni
114,Freshwater Crocodile (Johnstone's),Crocodylus johnstoni
115,Saltwater Crocodile,Crocodylus porosus
116,Hall's New Guinea Crocodile,Crocodylus halli
117,Saltwater Crocodile,Crocodylus porosus
118,West African Crocodile,Crocodylus suchus
119,Orinoco Crocodile,Crocodylus intermedius
120,Saltwater Crocodile,Crocodylus porosus
121,West African Dwarf Crocodile,Osteolaemus tetraspis
122,Hall's New Guinea Crocodile,Crocodylus halli
123,West African Dwarf Crocodile,Osteolaemus tetraspis
124,Cuban Crocodile,Crocodylus rhombifer
125,Mugger Crocodile (Marsh Crocodile),Crocodylus palustris
126,American Crocodile,Crocodylus acutus
127,West African Slender-snouted Crocodile,Mecistops cataphractus
128,Orinoco Crocodile,Crocodylus intermedius
129,American Crocodile,Crocodylus acutus
130,Siamese Crocodile,Crocodylus siamensis
131,West African Crocodile,Crocodylus suchus
132,Cuban Crocodile,Crocodylus rhombifer
133,New Guinea Crocodile,Crocodylus novaeguineae
134,Nile Crocodile,Crocodylus niloticus
135,West African Crocodile,Crocodylus suchus
136,West African Dwarf Crocodile,Osteolaemus tetraspis
137,New Guinea Crocodile,Crocodylus novaeguineae
138,Hall's New Guinea Crocodile,Crocodylus halli
139,Saltwater Crocodile,Crocodylus porosus
140,New Guinea Crocodile,Crocodylus novaeguineae
141,Central African Slender-snouted Crocodile,Mecistops leptorhynchus
142,Philippine Crocodile,Crocodylus mindorensis
143,West African Crocodile,Crocodylus suchus
144,Mugger Crocodile (Marsh Crocodile),Crocodylus palustris
145,Central African Slender-snouted Crocodile,Mecistops leptorhynchus
146,Borneo Crocodile (disputed),Crocodylus raninus
147,Morelet's Crocodile,Crocodylus moreletii
148,West African Slender-snouted Crocodile,Mecistops cataphractus
149,West African Dwarf Crocodile,Osteolaemus tetraspis
150,Siamese Crocodile,Crocodylus siamensis
151,Freshwater Crocodile (Johnstone's),Crocodylus johnstoni
152,West African Dwarf Crocodile,Osteolaemus tetraspis
153,New Guinea Crocodile,Crocodylus novaeguineae
154,Nile Crocodile,Crocodylus niloticus
155,Borneo Crocodile (disputed),Crocodylus raninus
156,Morelet's Crocodile,Crocodylus moreletii
157,West African Crocodile,Crocodylus suchus
158,Saltwater Crocodile,Crocodylus porosus
159,New Guinea Crocodile,Crocodylus novaeguineae
160,Congo Dwarf Crocodile,Osteolaemus osborni
161,West African Slender-snouted Crocodile,Mecistops cataphractus
162,Siamese Crocodile,Crocodylus siamensis
163,Morelet's Crocodile,Crocodylus moreletii
164,West African Dwarf Crocodile,Osteolaemus tetraspis
165,Borneo Crocodile (disputed),Crocodylus raninus
166,West African Slender-snouted Crocodile,Mecistops cataphractus
167,Saltwater Crocodile,Crocodylus porosus
168,Nile Crocodile,Crocodylus niloticus
169,West African Dwarf Crocodile,Osteolaemus tetraspis
170,American Crocodile,Crocodylus acutus
171,Saltwater Crocodile,Crocodylus porosus
172,New Guinea Crocodile,Crocodylus novaeguineae
173,Congo Dwarf Crocodile,Osteolaemus osborni
174,American Crocodile,Crocodylus acutus
175,Freshwater Crocodile (Johnstone's),Crocodylus johnstoni
176,American Crocodile,Crocodylus acutus
177,Congo Dwarf Crocodile,Osteolaemus osborni
178,Cuban Crocodile,Crocodylus rhombifer
179,Morelet's Crocodile,Crocodylus moreletii
180,Central African Slender-snouted Crocodile,Mecistops leptorhynchus
181,Orinoco Crocodile,Crocodylus intermedius
182,Mugger Crocodile (Marsh Crocodile),Crocodylus palustris
183,Saltwater Crocodile,Crocodylus porosus
184,New Guinea Crocodile,Crocodylus novaeguineae
185,Cuban Crocodile,Crocodylus rhombifer
186,Central African Slender-snouted Crocodile,Mecistops leptorhynchus
187,West African Dwarf Crocodile,Osteolaemus tetraspis
188,Borneo Crocodile (disputed),Crocodylus raninus
189,Morelet's Crocodile,Crocodylus moreletii
190,Orinoco Crocodile,Crocodylus intermedius
191,Cuban Crocodile,Crocodylus rhombifer
192,Cuban Crocodile,Crocodylus rhombifer
193,Borneo Crocodile (disputed),Crocodylus raninus
194,West African Dwarf Crocodile,Osteolaemus tetraspis
195,Philippine Crocodile,Crocodylus mindorensis
196,Borneo Crocodile (disputed),Crocodylus raninus
197,West African Dwarf Crocodile,Osteolaemus tetraspis
198,New Guinea Crocodile,Crocodylus novaeguineae
199,Siamese Crocodile,Crocodylus siamensis
200,American Crocodile,Crocodylus acutus
201,Saltwater Crocodile,Crocodylus porosus
202,Siamese Crocodile,Crocodylus siamensis
203,Nile Crocodile,Crocodylus niloticus
204,Mugger Crocodile (Marsh Crocodile),Crocodylus palustris
205,Nile Crocodile,Crocodylus niloticus
206,Morelet's Crocodile,Crocodylus moreletii
207,Congo Dwarf Crocodile,Osteolaemus osborni
208,Saltwater Crocodile,Crocodylus porosus
209,Cuban Crocodile,Crocodylus rhombifer
210,Saltwater Crocodile,Crocodylus porosus
211,Congo Dwarf Crocodile,Osteolaemus osborni
212,Borneo Crocodile (disputed),Crocodylus raninus
213,Central African Slender-snouted Crocodile,Mecistops leptorhynchus
214,American Crocodile,Crocodylus acutus
215,West African Dwarf Crocodile,Osteolaemus tetraspis
216,New Guinea Crocodile,Crocodylus novaeguineae
217,West African Slender-snouted Crocodile,Mecistops cataphractus
218,Central African Slender-snouted Crocodile,Mecistops leptorhynchus
219,Philippine Crocodile,Crocodylus mindorensis
220,Hall's New Guinea Crocodile,Crocodylus halli
221,New Guinea Crocodile,Crocodylus novaeguineae
222,American Crocodile,Crocodylus acutus
223,West African Crocodile,Crocodylus suchus
224,Morelet's Crocodile,Crocodylus moreletii
225,American Crocodile,Crocodylus acutus
226,Orinoco Crocodile,Crocodylus intermedius
227,Congo Dwarf Crocodile,Osteolaemus osborni
228,Central African Slender-snouted Crocodile,Mecistops leptorhynchus
229,Orinoco Crocodile,Crocodylus intermedius
230,New Guinea Crocodile,Crocodylus novaeguineae
231,Orinoco Crocodile,Crocodylus intermedius
232,Nile Crocodile,Crocodylus niloticus
233,Freshwater Crocodile (Johnstone's),Crocodylus johnstoni
234,West African Crocodile,Crocodylus suchus
235,New Guinea Crocodile,Crocodylus novaeguineae
236,West African Slender-snouted Crocodile,Mecistops cataphractus
237,Borneo Crocodile (disputed),Crocodylus raninus
238,American Crocodile,Crocodylus acutus
239,Borneo Crocodile (disputed),Crocodylus raninus
240,Morelet's Crocodile,Crocodylus moreletii
241,Philippine Crocodile,Crocodylus mindorensis
242,West African Crocodile,Crocodylus suchus
243,Congo Dwarf Crocodile,Osteolaemus osborni
244,Freshwater Crocodile (Johnstone's),Crocodylus johnstoni
245,Orinoco Crocodile,Crocodylus intermedius
246,Congo Dwarf Crocodile,Osteolaemus osborni
247,Cuban Crocodile,Crocodylus rhombifer
248,Siamese Crocodile,Crocodylus siamensis
249,Saltwater Crocodile,Crocodylus porosus
250,American Crocodile,Crocodylus acutus
251,West African Dwarf Crocodile,Osteolaemus tetraspis
252,West African Slender-snouted Crocodile,Mecistops cataphractus
253,Central African Slender-snouted Crocodile,Mecistops leptorhynchus
254,Philippine Crocodile,Crocodylus mindorensis
255,Nile Crocodile,Crocodylus niloticus
256,West African Dwarf Crocodile,Osteolaemus tetraspis
257,American Crocodile,Crocodylus acutus
258,Mugger Crocodile (Marsh Crocodile),Crocodylus palustris
259,Borneo Crocodile (disputed),Crocodylus raninus
260,Freshwater Crocodile (Johnstone's),Crocodylus johnstoni
261,Mugger Crocodile (Marsh Crocodile),Crocodylus palustris
262,Philippine Crocodile,Crocodylus mindorensis
263,Cuban Crocodile,Crocodylus rhombifer
264,American Crocodile,Crocodylus acutus
265,Nile Crocodile,Crocodylus niloticus
266,West African Dwarf Crocodile,Osteolaemus tetraspis
267,Orinoco Crocodile,Crocodylus intermedius
268,Saltwater Crocodile,Crocodylus porosus
269,Siamese Crocodile,Crocodylus siamensis
270,Philippine Crocodile,Crocodylus mindorensis
271,Nile Crocodile,Crocodylus niloticus
272,West African Slender-snouted Crocodile,Mecistops cataphractus
273,Nile Crocodile,Crocodylus niloticus
274,Morelet's Crocodile,Crocodylus moreletii
275,Saltwater Crocodile,Crocodylus porosus
276,Central African Slender-snouted Crocodile,Mecistops leptorhynchus
277,West African Dwarf Crocodile,Osteolaemus tetraspis
278,Orinoco Crocodile,Crocodylus intermedius
279,American Crocodile,Crocodylus acutus
280,Congo Dwarf Crocodile,Osteolaemus osborni
281,New Guinea Crocodile,Crocodylus novaeguineae
282,Hall's New Guinea Crocodile,Crocodylus halli
283,Philippine Crocodile,Crocodylus mindorensis
284,Congo Dwarf Crocodile,Osteolaemus osborni
285,Siamese Crocodile,Crocodylus siamensis
286,New Guinea Crocodile,Crocodylus novaeguineae
287,New Guinea Crocodile,Crocodylus novaeguineae
288,West African Dwarf Crocodile,Osteolaemus tetraspis
289,Congo Dwarf Crocodile,Osteolaemus osborni
290,Freshwater Crocodile (Johnstone's),Crocodylus johnstoni
291,Congo Dwarf Crocodile,Osteolaemus osborni
292,Saltwater Crocodile,Crocodylus porosus
293,Central African Slender-snouted Crocodile,Mecistops leptorhynchus
294,Congo Dwarf Crocodile,Osteolaemus osborni
295,West African Slender-snouted Crocodile,Mecistops cataphractus
296,West African Dwarf Crocodile,Osteolaemus tetraspis
297,Philippine Crocodile,Crocodylus mindorensis
298,Nile Crocodile,Crocodylus niloticus
299,West African Crocodile,Crocodylus suchus
300,Morelet's Crocodile,Crocodylus moreletii
301,Congo Dwarf Crocodile,Osteolaemus osborni
302,Saltwater Crocodile,Crocodylus porosus
303,Cuban Crocodile,Crocodylus rhombifer
304,Siamese Crocodile,Crocodylus siamensis
305,Central African Slender-snouted Crocodile,Mecistops leptorhynchus
306,Siamese Crocodile,Crocodylus siamensis
307,Congo Dwarf Crocodile,Osteolaemus osborni
308,Congo Dwarf Crocodile,Osteolaemus osborni
309,Hall's New Guinea Crocodile,Crocodylus halli
310,Saltwater Crocodile,Crocodylus porosus
311,New Guinea Crocodile,Crocodylus novaeguineae
312,Hall's New Guinea Crocodile,Crocodylus halli
313,Cuban Crocodile,Crocodylus rhombifer
314,Central African Slender-snouted Crocodile,Mecistops leptorhynchus
315,Saltwater Crocodile,Crocodylus porosus
316,Philippine Crocodile,Crocodylus mindorensis
317,West African Slender-snouted Crocodile,Mecistops cataphractus
318,Orinoco Crocodile,Crocodylus intermedius
319,Borneo Crocodile (disputed),Crocodylus raninus
320,Siamese Crocodile,Crocodylus siamensis
321,New Guinea Crocodile,Crocodylus novaeguineae
322,Philippine Crocodile,Crocodylus mindorensis
323,Mugger Crocodile (Marsh Crocodile),Crocodylus palustris
324,American Crocodile,Crocodylus acutus
325,Orinoco Crocodile,Crocodylus intermedius
326,Hall's New Guinea Crocodile,Crocodylus halli
327,Freshwater Crocodile (Johnstone's),Crocodylus johnstoni
328,Borneo Crocodile (disputed),Crocodylus raninus
329,Central African Slender-snouted Crocodile,Mecistops leptorhynchus
330,Borneo Crocodile (disputed),Crocodylus raninus
331,Hall's New Guinea Crocodile,Crocodylus halli
332,Philippine Crocodile,Crocodylus mindorensis
333,New Guinea Crocodile,Crocodylus novaeguineae
334,Saltwater Crocodile,Crocodylus porosus
335,West African Crocodile,Crocodylus suchus
336,Borneo Crocodile (disputed),Crocodylus raninus
337,Cuban Crocodile,Crocodylus rhombifer
338,Siamese Crocodile,Crocodylus siamensis
339,Siamese Crocodile,Crocodylus siamensis
340,New Guinea Crocodile,Crocodylus novaeguineae
341,American Crocodile,Crocodylus acutus
342,West African Slender-snouted Crocodile,Mecistops cataphractus
343,West African Crocodile,Crocodylus suchus
344,West African Slender-snouted Crocodile,Mecistops cataphractus
345,Orinoco Crocodile,Crocodylus intermedius
346,Mugger Crocodile (Marsh Crocodile),Crocodylus palustris
347,Central African Slender-snouted Crocodile,Mecistops leptorhynchus
348,Mugger Crocodile (Marsh Crocodile),Crocodylus palustris
349,Siamese Crocodile,Crocodylus siamensis
350,Nile Crocodile,Crocodylus niloticus
351,New Guinea Crocodile,Crocodylus novaeguineae
352,Congo Dwarf Crocodile,Osteolaemus osborni
353,Morelet's Crocodile,Crocodylus moreletii
354,Freshwater Crocodile (Johnstone's),Crocodylus johnstoni
355,Cuban Crocodile,Crocodylus rhombifer
356,Congo Dwarf Crocodile,Osteolaemus osborni
357,Central African Slender-snouted Crocodile,Mecistops leptorhynchus
358,Orinoco Crocodile,Crocodylus intermedius
359,New Guinea Crocodile,Crocodylus novaeguineae
360,West African Dwarf Crocodile,Osteolaemus tetraspis
361,West African Slender-snouted Crocodile,Mecistops cataphractus
362,American Crocodile,Crocodylus acutus
363,West African Slender-snouted Crocodile,Mecistops cataphractus
364,New Guinea Crocodile,Crocodylus novaeguineae
365,West African Slender-snouted Crocodile,Mecistops cataphractus
366,Saltwater Crocodile,Crocodylus porosus
367,Central African Slender-snouted Crocodile,Mecistops leptorhynchus
368,Saltwater Crocodile,Crocodylus porosus
369,Congo Dwarf Crocodile,Osteolaemus osborni
370,Freshwater Crocodile (Johnstone's),Crocodylus johnstoni
371,Philippine Crocodile,Crocodylus mindorensis
372,Hall's New Guinea Crocodile,Crocodylus halli
373,Philippine Crocodile,Crocodylus mindorensis
374,Central African Slender-snouted Crocodile,Mecistops leptorhynchus
375,West African Dwarf Crocodile,Osteolaemus tetraspis
376,Nile Crocodile,Crocodylus niloticus
377,Philippine Crocodile,Crocodylus mindorensis
378,Siamese Crocodile,Crocodylus siamensis
379,American Crocodile,Crocodylus acutus
380,Congo Dwarf Crocodile,Osteolaemus osborni
381,American Crocodile,Crocodylus acutus
382,West African Slender-snouted Crocodile,Mecistops cataphractus
383,Mugger Crocodile (Marsh Crocodile),Crocodylus palustris
384,Central African Slender-snouted Crocodile,Mecistops leptorhynchus
385,American Crocodile,Crocodylus acutus
386,New Guinea Crocodile,Crocodylus novaeguineae
387,Saltwater Crocodile,Crocodylus porosus
388,Freshwater Crocodile (Johnstone's),Crocodylus johnstoni
389,Cuban Crocodile,Crocodylus rhombifer
390,Morelet's Crocodile,Crocodylus moreletii
391,West African Crocodile,Crocodylus suchus
392,Freshwater Crocodile (Johnstone's),Crocodylus johnstoni
393,Mugger Crocodile (Marsh Crocodile),Crocodylus palustris
394,Cuban Crocodile,Crocodylus rhombifer
395,Hall's New Guinea Crocodile,Crocodylus halli
396,New Guinea Crocodile,Crocodylus novaeguineae
397,Borneo Crocodile (disputed),Crocodylus raninus
398,Freshwater Crocodile (Johnstone's),Crocodylus johnstoni
399,Philippine Crocodile,Crocodylus mindorensis
400,New Guinea Crocodile,Crocodylus novaeguineae
401,Congo Dwarf Crocodile,Osteolaemus osborni
402,Hall's New Guinea Crocodile,Crocodylus halli
403,Saltwater Crocodile,Crocodylus porosus
404,New Guinea Crocodile,Crocodylus novaeguineae
405,West African Slender-snouted Crocodile,Mecistops cataphractus
406,West African Dwarf Crocodile,Osteolaemus tetraspis
407,Cuban Crocodile,Crocodylus rhombifer
408,New Guinea Crocodile,Crocodylus novaeguineae
409,Freshwater Crocodile (Johnstone's),Crocodylus johnstoni
410,Morelet's Crocodile,Crocodylus moreletii
411,New Guinea Crocodile,Crocodylus novaeguineae
412,New Guinea Crocodile,Crocodylus novaeguineae
413,Borneo Crocodile (disputed),Crocodylus raninus
414,New Guinea Crocodile,Crocodylus novaeguineae
415,American Crocodile,Crocodylus acutus
416,West African Slender-snouted Crocodile,Mecistops cataphractus
417,West African Crocodile,Crocodylus suchus
418,Borneo Crocodile (disputed),Crocodylus raninus
419,Congo Dwarf Crocodile,Osteolaemus osborni
420,Cuban Crocodile,Crocodylus rhombifer
421,Mugger Crocodile (Marsh Crocodile),Crocodylus palustris
422,Saltwater Crocodile,Crocodylus porosus
423,American Crocodile,Crocodylus acutus
424,Congo Dwarf Crocodile,Osteolaemus osborni
425,Saltwater Crocodile,Crocodylus porosus
426,West African Dwarf Crocodile,Osteolaemus tetraspis
427,Orinoco Crocodile,Crocodylus intermedius
428,Mugger Crocodile (Marsh Crocodile),Crocodylus palustris
429,Freshwater Crocodile (Johnstone's),Crocodylus johnstoni
430,New Guinea Crocodile,Crocodylus novaeguineae
431,Siamese Crocodile,Crocodylus siamensis
432,New Guinea Crocodile,Crocodylus novaeguineae
433,Morelet's Crocodile,Crocodylus moreletii
434,West African Slender-snouted Crocodile,Mecistops cataphractus
435,American Crocodile,Crocodylus acutus
436,West African Crocodile,Crocodylus suchus
437,American Crocodile,Crocodylus acutus
438,Central African Slender-snouted Crocodile,Mecistops leptorhynchus
439,Freshwater Crocodile (Johnstone's),Crocodylus johnstoni
440,Freshwater Crocodile (Johnstone's),Crocodylus johnstoni
441,Nile Crocodile,Crocodylus niloticus
442,New Guinea Crocodile,Crocodylus novaeguineae
443,Cuban Crocodile,Crocodylus rhombifer
444,American Crocodile,Crocodylus acutus
445,Congo Dwarf Crocodile,Osteolaemus osborni
446,Mugger Crocodile (Marsh Crocodile),Crocodylus palustris
447,Central African Slender-snouted Crocodile,Mecistops leptorhynchus
448,American Crocodile,Crocodylus acutus
449,Siamese Crocodile,Crocodylus siamensis
450,Borneo Crocodile (disputed),Crocodylus raninus
451,Borneo Crocodile (disputed),Crocodylus raninus
452,Central African Slender-snouted Crocodile,Mecistops leptorhynchus
453,Saltwater Crocodile,Crocodylus porosus
454,Mugger Crocodile (Marsh Crocodile),Crocodylus palustris
455,New Guinea Crocodile,Crocodylus novaeguineae
456,Saltwater Crocodile,Crocodylus porosus
457,Hall's New Guinea Crocodile,Crocodylus halli
458,Cuban Crocodile,Crocodylus rhombifer
459,Philippine Crocodile,Crocodylus mindorensis
460,Hall's New Guinea Crocodile,Crocodylus halli
461,Hall's New Guinea Crocodile,Crocodylus halli
462,American Crocodile,Crocodylus acutus
463,Cuban Crocodile,Crocodylus rhombifer
464,Borneo Crocodile (disputed),Crocodylus raninus
465,West African Dwarf Crocodile,Osteolaemus tetraspis
466,Orinoco Crocodile,Crocodylus intermedius
467,Morelet's Crocodile,Crocodylus moreletii
468,Hall's New Guinea Crocodile,Crocodylus halli
469,Congo Dwarf Crocodile,Osteolaemus osborni
470,Central African Slender-snouted Crocodile,Mecistops leptorhynchus
471,Nile Crocodile,Crocodylus niloticus
472,Cuban Crocodile,Crocodylus rhombifer
473,Freshwater Crocodile (Johnstone's),Crocodylus johnstoni
474,American Crocodile,Crocodylus acutus
475,Congo Dwarf Crocodile,Osteolaemus osborni
476,Freshwater Crocodile (Johnstone's),Crocodylus johnstoni
477,Borneo Crocodile (disputed),Crocodylus raninus
478,Cuban Crocodile,Crocodylus rhombifer
479,Morelet's Crocodile,Crocodylus moreletii
480,Morelet's Crocodile,Crocodylus moreletii
481,Cuban Crocodile,Crocodylus rhombifer
482,American Crocodile,Crocodylus acutus
483,Nile Crocodile,Crocodylus niloticus
484,Nile Crocodile,Crocodylus niloticus
485,American Crocodile,Crocodylus acutus
486,Hall's New Guinea Crocodile,Crocodylus halli
487,Congo Dwarf Crocodile,Osteolaemus osborni
488,Borneo Crocodile (disputed),Crocodylus raninus
489,Central African Slender-snouted Crocodile,Mecistops leptorhynchus
490,Orinoco Crocodile,Crocodylus intermedius
491,Orinoco Crocodile,Crocodylus intermedius
492,Central African Slender-snouted Crocodile,Mecistops leptorhynchus
493,Central African Slender-snouted Crocodile,Mecistops leptorhynchus
494,Philippine Crocodile,Crocodylus mindorensis
495,West African Crocodile,Crocodylus suchus
496,Borneo Crocodile (disputed),Crocodylus raninus
497,Orinoco Crocodile,Crocodylus intermedius
498,Hall's New Guinea Crocodile,Crocodylus halli
499,Freshwater Crocodile (Johnstone's),Crocodylus johnstoni
500,Central African Slender-snouted Crocodile,Mecistops leptorhynchus
501,Central African Slender-snouted Crocodile,Mecistops leptorhynchus
502,Siamese Crocodile,Crocodylus siamensis
503,Central African Slender-snouted Crocodile,Mecistops leptorhynchus
504,Orinoco Crocodile,Crocodylus intermedius
505,Philippine Crocodile,Crocodylus mindorensis
506,Freshwater Crocodile (Johnstone's),Crocodylus johnstoni
507,Philippine Crocodile,Crocodylus mindorensis
508,New Guinea Crocodile,Crocodylus novaeguineae
509,West African Dwarf Crocodile,Osteolaemus tetraspis
510,Philippine Crocodile,Crocodylus mindorensis
511,Hall's New Guinea Crocodile,Crocodylus halli
512,West African Crocodile,Crocodylus suchus
513,Freshwater Crocodile (Johnstone's),Crocodylus johnstoni
514,American Crocodile,Crocodylus acutus
515,American Crocodile,Crocodylus acutus
516,West African Crocodile,Crocodylus suchus
517,New Guinea Crocodile,Crocodylus novaeguineae
518,Nile Crocodile,Crocodylus niloticus
519,Cuban Crocodile,Crocodylus rhombifer
520,Central African Slender-snouted Crocodile,Mecistops leptorhynchus
521,Nile Crocodile,Crocodylus niloticus
522,New Guinea Crocodile,Crocodylus novaeguineae
523,Saltwater Crocodile,Crocodylus porosus
524,West African Slender-snouted Crocodile,Mecistops cataphractus
525,Siamese Crocodile,Crocodylus siamensis
526,Cuban Crocodile,Crocodylus rhombifer
527,Morelet's Crocodile,Crocodylus moreletii
528,Nile Crocodile,Crocodylus niloticus
529,Hall's New Guinea Crocodile,Crocodylus halli
530,Cuban Crocodile,Crocodylus rhombifer
531,West African Crocodile,Crocodylus suchus
532,Hall's New Guinea Crocodile,Crocodylus halli
533,Saltwater Crocodile,Crocodylus porosus
534,West African Slender-snouted Crocodile,Mecistops cataphractus
535,Congo Dwarf Crocodile,Osteolaemus osborni
536,Orinoco Crocodile,Crocodylus intermedius
537,Morelet's Crocodile,Crocodylus moreletii
538,Hall's New Guinea Crocodile,Crocodylus halli
539,Cuban Crocodile,Crocodylus rhombifer
540,Central African Slender-snouted Crocodile,Mecistops leptorhynchus
541,Borneo Crocodile (disputed),Crocodylus raninus
542,West African Dwarf Crocodile,Osteolaemus tetraspis
543,Borneo Crocodile (disputed),Crocodylus raninus
544,West African Crocodile,Crocodylus suchus
545,Cuban Crocodile,Crocodylus rhombifer
546,Orinoco Crocodile,Crocodylus intermedius
547,West African Dwarf Crocodile,Osteolaemus tetraspis
548,Saltwater Crocodile,Crocodylus porosus
549,Cuban Crocodile,Crocodylus rhombifer
550,Siamese Crocodile,Crocodylus siamensis
551,Borneo Crocodile (disputed),Crocodylus raninus
552,New Guinea Crocodile,Crocodylus novaeguineae
553,Freshwater Crocodile (Johnstone's),Crocodylus johnstoni
554,West African Slender-snouted Crocodile,Mecistops cataphractus
555,Congo Dwarf Crocodile,Osteolaemus osborni
556,Freshwater Crocodile (Johnstone's),Crocodylus johnstoni
557,Mugger Crocodile (Marsh Crocodile),Crocodylus palustris
558,Cuban Crocodile,Crocodylus rhombifer
559,Borneo Crocodile (disputed),Crocodylus raninus
560,Cuban Crocodile,Crocodylus rhombifer
561,Orinoco Crocodile,Crocodylus intermedius
562,Saltwater Crocodile,Crocodylus porosus
563,Cuban Crocodile,Crocodylus rhombifer
564,Congo Dwarf Crocodile,Osteolaemus osborni
565,Congo Dwarf Crocodile,Osteolaemus osborni
566,Philippine Crocodile,Crocodylus mindorensis
567,New Guinea Crocodile,Crocodylus novaeguineae
568,Saltwater Crocodile,Crocodylus porosus
569,Central African Slender-snouted Crocodile,Mecistops leptorhynchus
570,Congo Dwarf Crocodile,Osteolaemus osborni
571,Borneo Crocodile (disputed),Crocodylus raninus
572,Philippine Crocodile,Crocodylus mindorensis
573,West African Dwarf Crocodile,Osteolaemus tetraspis
574,Nile Crocodile,Crocodylus niloticus
575,Morelet's Crocodile,Crocodylus moreletii
576,Siamese Crocodile,Crocodylus siamensis
577,Siamese Crocodile,Crocodylus siamensis
578,American Crocodile,Crocodylus acutus
579,West African Slender-snouted Crocodile,Mecistops cataphractus
580,Hall's New Guinea Crocodile,Crocodylus halli
581,Mugger Crocodile (Marsh Crocodile),Crocodylus palustris
582,Central African Slender-snouted Crocodile,Mecistops leptorhynchus
583,Morelet's Crocodile,Crocodylus moreletii
584,West African Crocodile,Crocodylus suchus
585,New Guinea Crocodile,Crocodylus novaeguineae
586,West African Dwarf Crocodile,Osteolaemus tetraspis
587,Hall's New Guinea Crocodile,Crocodylus halli
588,Philippine Crocodile,Crocodylus mindorensis
589,Orinoco Crocodile,Crocodylus intermedius
590,Nile Crocodile,Crocodylus niloticus
591,Orinoco Crocodile,Crocodylus intermedius
592,New Guinea Crocodile,Crocodylus novaeguineae
593,Cuban Crocodile,Crocodylus rhombifer
594,Saltwater Crocodile,Crocodylus porosus
595,West African Crocodile,Crocodylus suchus
596,Saltwater Crocodile,Crocodylus porosus
597,American Crocodile,Crocodylus acutus
598,Mugger Crocodile (Marsh Crocodile),Crocodylus palustris
599,Philippine Crocodile,Crocodylus mindorensis
600,Freshwater Crocodile (Johnstone's),Crocodylus johnstoni
601,Mugger Crocodile (Marsh Crocodile),Crocodylus palustris
602,Philippine Crocodile,Crocodylus mindorensis
603,Borneo Crocodile (disputed),Crocodylus raninus
604,New Guinea Crocodile,Crocodylus novaeguineae
605,American Crocodile,Crocodylus acutus
606,West African Dwarf Crocodile,Osteolaemus tetraspis
607,Central African Slender-snouted Crocodile,Mecistops leptorhynchus
608,New Guinea Crocodile,Crocodylus novaeguineae
609,Borneo Crocodile (disputed),Crocodylus raninus
610,Freshwater Crocodile (Johnstone's),Crocodylus johnstoni
611,Borneo Crocodile (disputed),Crocodylus raninus
612,Philippine Crocodile,Crocodylus mindorensis
613,Mugger Crocodile (Marsh Crocodile),Crocodylus palustris
614,Congo Dwarf Crocodile,Osteolaemus osborni
615,Freshwater Crocodile (Johnstone's),Crocodylus johnstoni
616,Philippine Crocodile,Crocodylus mindorensis
617,Mugger Crocodile (Marsh Crocodile),Crocodylus palustris
618,American Crocodile,Crocodylus acutus
619,Orinoco Crocodile,Crocodylus intermedius
620,Nile Crocodile,Crocodylus niloticus
621,Philippine Crocodile,Crocodylus mindorensis
622,New Guinea Crocodile,Crocodylus novaeguineae
623,Saltwater Crocodile,Crocodylus porosus
624,Philippine Crocodile,Crocodylus mindorensis
625,Philippine Crocodile,Crocodylus mindorensis
626,West African Crocodile,Crocodylus suchus
627,Cuban Crocodile,Crocodylus rhombifer
628,Philippine Crocodile,Crocodylus mindorensis
629,American Crocodile,Crocodylus acutus
630,West African Crocodile,Crocodylus suchus
631,Nile Crocodile,Crocodylus niloticus
632,Borneo Crocodile (disputed),Crocodylus raninus
633,Cuban Crocodile,Crocodylus rhombifer
634,Orinoco Crocodile,Crocodylus intermedius
635,Borneo Crocodile (disputed),Crocodylus raninus
636,Morelet's Crocodile,Crocodylus moreletii
637,Borneo Crocodile (disputed),Crocodylus raninus
638,West African Slender-snouted Crocodile,Mecistops cataphractus
639,New Guinea Crocodile,Crocodylus novaeguineae
640,Central African Slender-snouted Crocodile,Mecistops leptorhynchus
641,Freshwater Crocodile (Johnstone's),Crocodylus johnstoni
642,Morelet's Crocodile,Crocodylus moreletii
643,Morelet's Crocodile,Crocodylus moreletii
644,West African Crocodile,Crocodylus suchus
645,Cuban Crocodile,Crocodylus rhombifer
646,Mugger Crocodile (Marsh Crocodile),Crocodylus palustris
647,West African Dwarf Crocodile,Osteolaemus tetraspis
648,Saltwater Crocodile,Crocodylus porosus
649,West African Crocodile,Crocodylus suchus
650,Freshwater Crocodile (Johnstone's),Crocodylus johnstoni
651,Cuban Crocodile,Crocodylus rhombifer
652,West African Crocodile,Crocodylus suchus
653,Siamese Crocodile,Crocodylus siamensis
654,West African Crocodile,Crocodylus suchus
655,Congo Dwarf Crocodile,Osteolaemus osborni
656,Orinoco Crocodile,Crocodylus intermedius
657,Morelet's Crocodile,Crocodylus moreletii
658,West African Slender-snouted Crocodile,Mecistops cataphractus
659,Mugger Crocodile (Marsh Crocodile),Crocodylus palustris
660,West African Crocodile,Crocodylus suchus
661,West African Dwarf Crocodile,Osteolaemus tetraspis
662,New Guinea Crocodile,Crocodylus novaeguineae
663,West African Dwarf Crocodile,Osteolaemus tetraspis
664,Orinoco Crocodile,Crocodylus intermedius
665,Siamese Crocodile,Crocodylus siamensis
666,Borneo Crocodile (disputed),Crocodylus raninus
667,New Guinea Crocodile,Crocodylus novaeguineae
668,Nile Crocodile,Crocodylus niloticus
669,Nile Crocodile,Crocodylus niloticus
670,Orinoco Crocodile,Crocodylus intermedius
671,West African Crocodile,Crocodylus suchus
672,Siamese Crocodile,Crocodylus siamensis
673,Saltwater Crocodile,Crocodylus porosus
674,Borneo Crocodile (disputed),Crocodylus raninus
675,Hall's New Guinea Crocodile,Crocodylus halli
676,Saltwater Crocodile,Crocodylus porosus
677,Congo Dwarf Crocodile,Osteolaemus osborni
678,Cuban Crocodile,Crocodylus rhombifer
679,American Crocodile,Crocodylus acutus
680,Central African Slender-snouted Crocodile,Mecistops leptorhynchus
681,Morelet's Crocodile,Crocodylus moreletii
682,Morelet's Crocodile,Crocodylus moreletii
683,Siamese Crocodile,Crocodylus siamensis
684,Hall's New Guinea Crocodile,Crocodylus halli
685,West African Slender-snouted Crocodile,Mecistops cataphractus
686,Siamese Crocodile,Crocodylus siamensis
687,West African Dwarf Crocodile,Osteolaemus tetraspis
688,West African Dwarf Crocodile,Osteolaemus tetraspis
689,West African Dwarf Crocodile,Osteolaemus tetraspis
690,Saltwater Crocodile,Crocodylus porosus
691,Borneo Crocodile (disputed),Crocodylus raninus
692,Philippine Crocodile,Crocodylus mindorensis
693,Orinoco Crocodile,Crocodylus intermedius
694,American Crocodile,Crocodylus acutus
695,Nile Crocodile,Crocodylus niloticus
696,Philippine Crocodile,Crocodylus mindorensis
697,Morelet's Crocodile,Crocodylus moreletii
698,Orinoco Crocodile,Crocodylus intermedius
699,Freshwater Crocodile (Johnstone's),Crocodylus johnstoni
700,New Guinea Crocodile,Crocodylus novaeguineae
701,West African Crocodile,Crocodylus suchus
702,Borneo Crocodile (disputed),Crocodylus raninus
703,Hall's New Guinea Crocodile,Crocodylus halli
704,Freshwater Crocodile (Johnstone's),Crocodylus johnstoni
705,Borneo Crocodile (disputed),Crocodylus raninus
706,Mugger Crocodile (Marsh Crocodile),Crocodylus palustris
707,Nile Crocodile,Crocodylus niloticus
708,Freshwater Crocodile (Johnstone's),Crocodylus johnstoni
709,Mugger Crocodile (Marsh Crocodile),Crocodylus palustris
710,Hall's New Guinea Crocodile,Crocodylus halli
711,Morelet's Crocodile,Crocodylus moreletii
712,Central African Slender-snouted Crocodile,Mecistops leptorhynchus
713,Borneo Crocodile (disputed),Crocodylus raninus
714,American Crocodile,Crocodylus acutus
715,Cuban Crocodile,Crocodylus rhombifer
716,Cuban Crocodile,Crocodylus rhombifer
717,Hall's New Guinea Crocodile,Crocodylus halli
718,Freshwater Crocodile (Johnstone's),Crocodylus johnstoni
719,Mugger Crocodile (Marsh Crocodile),Crocodylus palustris
720,Hall's New Guinea Crocodile,Crocodylus halli
721,New Guinea Crocodile,Crocodylus novaeguineae
722,West African Crocodile,Crocodylus suchus
723,American Crocodile,Crocodylus acutus
724,New Guinea Crocodile,Crocodylus novaeguineae
725,Philippine Crocodile,Crocodylus mindorensis
726,West African Slender-snouted Crocodile,Mecistops cataphractus
727,Philippine Crocodile,Crocodylus mindorensis
728,Nile Crocodile,Crocodylus niloticus
729,Hall's New Guinea Crocodile,Crocodylus halli
730,Morelet's Crocodile,Crocodylus moreletii
731,West African Slender-snouted Crocodile,Mecistops cataphractus
732,Hall's New Guinea Crocodile,Crocodylus halli
733,Saltwater Crocodile,Crocodylus porosus
734,West African Crocodile,Crocodylus suchus
735,Borneo Crocodile (disputed),Crocodylus raninus
736,American Crocodile,Crocodylus acutus
737,Philippine Crocodile,Crocodylus mindorensis
738,Morelet's Crocodile,Crocodylus moreletii
739,Borneo Crocodile (disputed),Crocodylus raninus
740,Morelet's Crocodile,Crocodylus moreletii
741,West African Dwarf Crocodile,Osteolaemus tetraspis
742,American Crocodile,Crocodylus acutus
743,Philippine Crocodile,Crocodylus mindorensis
744,Borneo Crocodile (disputed),Crocodylus raninus
745,Saltwater Crocodile,Crocodylus porosus
746,American Crocodile,Crocodylus acutus
747,Mugger Crocodile (Marsh Crocodile),Crocodylus palustris
748,New Guinea Crocodile,Crocodylus novaeguineae
749,Nile Crocodile,Crocodylus niloticus
750,American Crocodile,Crocodylus acutus
751,Mugger Crocodile (Marsh Crocodile),Crocodylus palustris
752,Morelet's Crocodile,Crocodylus moreletii
753,Cuban Crocodile,Crocodylus rhombifer
754,Mugger Crocodile (Marsh Crocodile),Crocodylus palustris
755,Philippine Crocodile,Crocodylus mindorensis
756,Cuban Crocodile,Crocodylus rhombifer
757,West African Slender-snouted Crocodile,Mecistops cataphractus
758,Borneo Crocodile (disputed),Crocodylus raninus
759,Orinoco Crocodile,Crocodylus intermedius
760,Siamese Crocodile,Crocodylus siamensis
761,Philippine Crocodile,Crocodylus mindorensis
762,Mugger Crocodile (Marsh Crocodile),Crocodylus palustris
763,Orinoco Crocodile,Crocodylus intermedius
764,West African Dwarf Crocodile,Osteolaemus tetraspis
765,Freshwater Crocodile (Johnstone's),Crocodylus johnstoni
766,Mugger Crocodile (Marsh Crocodile),Crocodylus palustris
767,Morelet's Crocodile,Crocodylus moreletii
768,Philippine Crocodile,Crocodylus mindorensis
769,West African Slender-snouted Crocodile,Mecistops cataphractus
770,Saltwater Crocodile,Crocodylus porosus
771,Siamese Crocodile,Crocodylus siamensis
772,Morelet's Crocodile,Crocodylus moreletii
773,Cuban Crocodile,Crocodylus rhombifer
774,West African Dwarf Crocodile,Osteolaemus tetraspis
775,West African Dwarf Crocodile,Osteolaemus tetraspis
776,West African Dwarf Crocodile,Osteolaemus tetraspis
777,West African Dwarf Crocodile,Osteolaemus tetraspis
778,Central African Slender-snouted Crocodile,Mecistops leptorhynchus
779,West African Dwarf Crocodile,Osteolaemus tetraspis
780,Borneo Crocodile (disputed),Crocodylus raninus
781,West African Crocodile,Crocodylus suchus
782,Saltwater Crocodile,Crocodylus porosus
783,American Crocodile,Crocodylus acutus
784,American Crocodile,Crocodylus acutus
785,West African Crocodile,Crocodylus suchus
786,West African Crocodile,Crocodylus suchus
787,Orinoco Crocodile,Crocodylus intermedius
788,West African Dwarf Crocodile,Osteolaemus tetraspis
789,Orinoco Crocodile,Crocodylus intermedius
790,Borneo Crocodile (disputed),Crocodylus raninus
791,Siamese Crocodile,Crocodylus siamensis
792,Congo Dwarf Crocodile,Osteolaemus osborni
793,Congo Dwarf Crocodile,Osteolaemus osborni
794,Borneo Crocodile (disputed),Crocodylus raninus
795,Freshwater Crocodile (Johnstone's),Crocodylus johnstoni
796,Congo Dwarf Crocodile,Osteolaemus osborni
797,Philippine Crocodile,Crocodylus mindorensis
798,Saltwater Crocodile,Crocodylus porosus
799,Congo Dwarf Crocodile,Osteolaemus osborni
800,Congo Dwarf Crocodile,Osteolaemus osborni
801,Cuban Crocodile,Crocodylus rhombifer
802,Siamese Crocodile,Crocodylus siamensis
803,Hall's New Guinea Crocodile,Crocodylus halli
804,Congo Dwarf Crocodile,Osteolaemus osborni
805,Mugger Crocodile (Marsh Crocodile),Crocodylus palustris
806,Freshwater Crocodile (Johnstone's),Crocodylus johnstoni
807,American Crocodile,Crocodylus acutus
808,Orinoco Crocodile,Crocodylus intermedius
809,Mugger Crocodile (Marsh Crocodile),Crocodylus palustris
810,Morelet's Crocodile,Crocodylus moreletii
811,New Guinea Crocodile,Crocodylus novaeguineae
812,New Guinea Crocodile,Crocodylus novaeguineae
813,American Crocodile,Crocodylus acutus
814,West African Dwarf Crocodile,Osteolaemus tetraspis
815,West African Slender-snouted Crocodile,Mecistops cataphractus
816,Borneo Crocodile (disputed),Crocodylus raninus
817,Morelet's Crocodile,Crocodylus moreletii
818,Congo Dwarf Crocodile,Osteolaemus osborni
819,Cuban Crocodile,Crocodylus rhombifer
820,Borneo Crocodile (disputed),Crocodylus raninus
821,Hall's New Guinea Crocodile,Crocodylus halli
822,New Guinea Crocodile,Crocodylus novaeguineae
823,Morelet's Crocodile,Crocodylus moreletii
824,Philippine Crocodile,Crocodylus mindorensis
825,Nile Crocodile,Crocodylus niloticus
826,Borneo Crocodile (disputed),Crocodylus raninus
827,Orinoco Crocodile,Crocodylus intermedius
828,West African Dwarf Crocodile,Osteolaemus tetraspis
829,Philippine Crocodile,Crocodylus mindorensis
830,American Crocodile,Crocodylus acutus
831,Central African Slender-snouted Crocodile,Mecistops leptorhynchus
832,Borneo Crocodile (disputed),Crocodylus raninus
833,Nile Crocodile,Crocodylus niloticus
834,West African Slender-snouted Crocodile,Mecistops cataphractus
835,Orinoco Crocodile,Crocodylus intermedius
836,Hall's New Guinea Crocodile,Crocodylus halli
837,New Guinea Crocodile,Crocodylus novaeguineae
838,Nile Crocodile,Crocodylus niloticus
839,American Crocodile,Crocodylus acutus
840,Philippine Crocodile,Crocodylus mindorensis
841,Borneo Crocodile (disputed),Crocodylus raninus
842,Hall's New Guinea Crocodile,Crocodylus halli
843,New Guinea Crocodile,Crocodylus novaeguineae
844,Central African Slender-snouted Crocodile,Mecistops leptorhynchus
845,Siamese Crocodile,Crocodylus siamensis
846,American Crocodile,Crocodylus acutus
847,Congo Dwarf Crocodile,Osteolaemus osborni
848,Cuban Crocodile,Crocodylus rhombifer
849,Orinoco Crocodile,Crocodylus intermedius
850,Morelet's Crocodile,Crocodylus moreletii
851,Hall's New Guinea Crocodile,Crocodylus halli
852,West African Dwarf Crocodile,Osteolaemus tetraspis
853,Nile Crocodile,Crocodylus niloticus
854,Central African Slender-snouted Crocodile,Mecistops leptorhynchus
855,Orinoco Crocodile,Crocodylus intermedius
856,Nile Crocodile,Crocodylus niloticus
857,Philippine Crocodile,Crocodylus mindorensis
858,Central African Slender-snouted Crocodile,Mecistops leptorhynchus
859,Central African Slender-snouted Crocodile,Mecistops leptorhynchus
860,Borneo Crocodile (disputed),Crocodylus raninus
861,Orinoco Crocodile,Crocodylus intermedius
862,Philippine Crocodile,Crocodylus mindorensis
863,American Crocodile,Crocodylus acutus
864,West African Slender-snouted Crocodile,Mecistops cataphractus
865,Saltwater Crocodile,Crocodylus porosus
866,Siamese Crocodile,Crocodylus siamensis
867,Cuban Crocodile,Crocodylus rhombifer
868,Philippine Crocodile,Crocodylus mindorensis
869,New Guinea Crocodile,Crocodylus novaeguineae
870,West African Slender-snouted Crocodile,Mecistops cataphractus
871,Saltwater Crocodile,Crocodylus porosus
872,Orinoco Crocodile,Crocodylus intermedius
873,Cuban Crocodile,Crocodylus rhombifer
874,Orinoco Crocodile,Crocodylus intermedius
875,Cuban Crocodile,Crocodylus rhombifer
876,Central African Slender-snouted Crocodile,Mecistops leptorhynchus
877,Mugger Crocodile (Marsh Crocodile),Crocodylus palustris
878,Central African Slender-snouted Crocodile,Mecistops leptorhynchus
879,West African Crocodile,Crocodylus suchus
880,Siamese Crocodile,Crocodylus siamensis
881,West African Crocodile,Crocodylus suchus
882,Saltwater Crocodile,Crocodylus porosus
883,Hall's New Guinea Crocodile,Crocodylus halli
884,American Crocodile,Crocodylus acutus
885,American Crocodile,Crocodylus acutus
886,West African Crocodile,Crocodylus suchus
887,Freshwater Crocodile (Johnstone's),Crocodylus johnstoni
888,Siamese Crocodile,Crocodylus siamensis
889,New Guinea Crocodile,Crocodylus novaeguineae
890,New Guinea Crocodile,Crocodylus novaeguineae
891,Orinoco Crocodile,Crocodylus intermedius
892,Hall's New Guinea Crocodile,Crocodylus halli
893,Freshwater Crocodile (Johnstone's),Crocodylus johnstoni
894,Morelet's Crocodile,Crocodylus moreletii
895,Hall's New Guinea Crocodile,Crocodylus halli
896,West African Slender-snouted Crocodile,Mecistops cataphractus
897,Borneo Crocodile (disputed),Crocodylus raninus
898,Orinoco Crocodile,Crocodylus intermedius
899,Hall's New Guinea Crocodile,Crocodylus halli
900,Mugger Crocodile (Marsh Crocodile),Crocodylus palustris
901,Borneo Crocodile (disputed),Crocodylus raninus
902,Saltwater Crocodile,Crocodylus porosus
903,Morelet's Crocodile,Crocodylus moreletii
904,Mugger Crocodile (Marsh Crocodile),Crocodylus palustris
905,Saltwater Crocodile,Crocodylus porosus
906,West African Slender-snouted Crocodile,Mecistops cataphractus
907,West African Dwarf Crocodile,Osteolaemus tetraspis
908,Orinoco Crocodile,Crocodylus intermedius
909,Central African Slender-snouted Crocodile,Mecistops leptorhynchus
910,Saltwater Crocodile,Crocodylus porosus
911,West African Dwarf Crocodile,Osteolaemus tetraspis
912,Philippine Crocodile,Crocodylus mindorensis
913,New Guinea Crocodile,Crocodylus novaeguineae
914,Morelet's Crocodile,Crocodylus moreletii
915,Central African Slender-snouted Crocodile,Mecistops leptorhynchus
916,Morelet's Crocodile,Crocodylus moreletii
917,Morelet's Crocodile,Crocodylus moreletii
918,Philippine Crocodile,Crocodylus mindorensis
919,Mugger Crocodile (Marsh Crocodile),Crocodylus palustris
920,West African Slender-snouted Crocodile,Mecistops cataphractus
921,West African Slender-snouted Crocodile,Mecistops cataphractus
922,Mugger Crocodile (Marsh Crocodile),Crocodylus palustris
923,Borneo Crocodile (disputed),Crocodylus raninus
924,American Crocodile,Crocodylus acutus
925,West African Slender-snouted Crocodile,Mecistops cataphractus
926,West African Crocodile,Crocodylus suchus
927,New Guinea Crocodile,Crocodylus novaeguineae
928,Philippine Crocodile,Crocodylus mindorensis
929,New Guinea Crocodile,Crocodylus novaeguineae
930,Borneo Crocodile (disputed),Crocodylus raninus
931,Cuban Crocodile,Crocodylus rhombifer
932,Mugger Crocodile (Marsh Crocodile),Crocodylus palustris
933,West African Crocodile,Crocodylus suchus
934,West African Dwarf Crocodile,Osteolaemus tetraspis
935,West African Dwarf Crocodile,Osteolaemus tetraspis
936,Freshwater Crocodile (Johnstone's),Crocodylus johnstoni
937,Nile Crocodile,Crocodylus niloticus
938,Orinoco Crocodile,Crocodylus intermedius
939,Central African Slender-snouted Crocodile,Mecistops leptorhynchus
940,Saltwater Crocodile,Crocodylus porosus
941,Congo Dwarf Crocodile,Osteolaemus osborni
942,Philippine Crocodile,Crocodylus mindorensis
943,West African Dwarf Crocodile,Osteolaemus tetraspis
944,Orinoco Crocodile,Crocodylus intermedius
945,West African Slender-snouted Crocodile,Mecistops cataphractus
946,Central African Slender-snouted Crocodile,Mecistops leptorhynchus
947,West African Slender-snouted Crocodile,Mecistops cataphractus
948,Mugger Crocodile (Marsh Crocodile),Crocodylus palustris
949,Morelet's Crocodile,Crocodylus moreletii
950,Central African Slender-snouted Crocodile,Mecistops leptorhynchus
951,Cuban Crocodile,Crocodylus rhombifer
952,American Crocodile,Crocodylus acutus
953,Siamese Crocodile,Crocodylus siamensis
954,Cuban Crocodile,Crocodylus rhombifer
955,Central African Slender-snouted Crocodile,Mecistops leptorhynchus
956,Borneo Crocodile (disputed),Crocodylus raninus
957,Hall's New Guinea Crocodile,Crocodylus halli
958,Morelet's Crocodile,Crocodylus moreletii
959,Hall's New Guinea Crocodile,Crocodylus halli
960,Nile Crocodile,Crocodylus niloticus
961,West African Slender-snouted Crocodile,Mecistops cataphractus
962,Orinoco Crocodile,Crocodylus intermedius
963,West African Crocodile,Crocodylus suchus
964,Orinoco Crocodile,Crocodylus intermedius
965,Philippine Crocodile,Crocodylus mindorensis
966,West African Slender-snouted Crocodile,Mecistops cataphractus
967,Nile Crocodile,Crocodylus niloticus
968,Borneo Crocodile (disputed),Crocodylus raninus
969,Central African Slender-snouted Crocodile,Mecistops leptorhynchus
970,West African Slender-snouted Crocodile,Mecistops cataphractus
971,Nile Crocodile,Crocodylus niloticus
972,Borneo Crocodile (disputed),Crocodylus raninus
973,American Crocodile,Crocodylus acutus
974,Morelet's Crocodile,Crocodylus moreletii
975,Orinoco Crocodile,Crocodylus intermedius
976,Morelet's Crocodile,Crocodylus moreletii
977,Freshwater Crocodile (Johnstone's),Crocodylus johnstoni
978,Hall's New Guinea Crocodile,Crocodylus halli
979,Morelet's Crocodile,Crocodylus moreletii
980,West African Crocodile,Crocodylus suchus
981,West African Dwarf Crocodile,Osteolaemus tetraspis
982,Freshwater Crocodile (Johnstone's),Crocodylus johnstoni
983,Philippine Crocodile,Crocodylus mindorensis
984,Congo Dwarf Crocodile,Osteolaemus osborni
985,New Guinea Crocodile,Crocodylus novaeguineae
986,Mugger Crocodile (Marsh Crocodile),Crocodylus palustris
987,Borneo Crocodile (disputed),Crocodylus raninus
988,West African Crocodile,Crocodylus suchus
989,Siamese Crocodile,Crocodylus siamensis
990,Central African Slender-snouted Crocodile,Mecistops leptorhynchus
991,Hall's New Guinea Crocodile,Crocodylus halli
992,Nile Crocodile,Crocodylus niloticus
993,West African Slender-snouted Crocodile,Mecistops cataphractus
994,West African Dwarf Crocodile,Osteolaemus tetraspis
995,Morelet's Crocodile,Crocodylus moreletii
996,West African Crocodile,Crocodylus suchus
997,Hall's New Guinea Crocodile,Crocodylus halli
998,West African Slender-snouted Crocodile,Mecistops cataphractus
999,West African Slender-snouted Crocodile,Mecistops cataphractus
1000,Hall's New Guinea Crocodile,Crocodylus halli
